square,higher_geography_identifier,geographic_region__higher_geography
SJ18W,58,Cheshire
SJ18X,58,Cheshire
SJ18Y,58,Cheshire
SJ18Z,58,Cheshire
SJ19V,58,Cheshire
SJ28A,58,Cheshire
SJ28B,58,Cheshire
SJ28C,58,Cheshire
SJ28D,58,Cheshire
SJ28E,58,Cheshire
SJ29A,58,Cheshire
SJ29B,58,Cheshire
SJ27J,58,Cheshire
SJ28F,58,Cheshire
SJ28G,58,Cheshire
SJ28H,58,Cheshire
SJ28I,58,Cheshire
SJ28J,58,Cheshire
SJ29F,58,Cheshire
SJ29G,58,Cheshire
SJ27M,58,Cheshire
SJ27N,58,Cheshire
SJ27P,58,Cheshire
SJ28K,58,Cheshire
SJ28L,58,Cheshire
SJ28M,58,Cheshire
SJ28N,58,Cheshire
SJ28P,58,Cheshire
SJ29K,58,Cheshire
SJ29L,58,Cheshire
SJ29M,58,Cheshire
SJ27R,58,Cheshire
SJ27S,58,Cheshire
SJ27T,58,Cheshire
SJ27U,58,Cheshire
SJ28Q,58,Cheshire
SJ28R,58,Cheshire
SJ28S,58,Cheshire
SJ28T,58,Cheshire
SJ28U,58,Cheshire
SJ29Q,58,Cheshire
SJ29R,58,Cheshire
SJ29S,58,Cheshire
SJ27W,58,Cheshire
SJ27X,58,Cheshire
SJ27Y,58,Cheshire
SJ27Z,58,Cheshire
SJ28V,58,Cheshire
SJ28W,58,Cheshire
SJ28X,58,Cheshire
SJ28Y,58,Cheshire
SJ28Z,58,Cheshire
SJ29V,58,Cheshire
SJ29W,58,Cheshire
SJ29X,58,Cheshire
SJ37B,58,Cheshire
SJ37C,58,Cheshire
SJ37D,58,Cheshire
SJ37E,58,Cheshire
SJ38A,58,Cheshire
SJ38B,58,Cheshire
SJ38C,58,Cheshire
SJ38D,58,Cheshire
SJ38E,58,Cheshire
SJ39A,58,Cheshire
SJ39B,58,Cheshire
SJ39C,58,Cheshire
SJ36G,58,Cheshire
SJ37F,58,Cheshire
SJ37G,58,Cheshire
SJ37H,58,Cheshire
SJ37I,58,Cheshire
SJ37J,58,Cheshire
SJ38F,58,Cheshire
SJ38G,58,Cheshire
SJ38H,58,Cheshire
SJ38I,58,Cheshire
SJ38J,58,Cheshire
SJ39F,58,Cheshire
SJ39G,58,Cheshire
SJ35P,58,Cheshire
SJ36K,58,Cheshire
SJ36L,58,Cheshire
SJ36P,58,Cheshire
SJ37K,58,Cheshire
SJ37L,58,Cheshire
SJ37M,58,Cheshire
SJ37N,58,Cheshire
SJ37P,58,Cheshire
SJ38K,58,Cheshire
SJ38L,58,Cheshire
SJ38M,58,Cheshire
SJ38N,58,Cheshire
SJ35U,58,Cheshire
SJ36Q,58,Cheshire
SJ36R,58,Cheshire
SJ36S,58,Cheshire
SJ36T,58,Cheshire
SJ36U,58,Cheshire
SJ37Q,58,Cheshire
SJ37R,58,Cheshire
SJ37S,58,Cheshire
SJ37T,58,Cheshire
SJ37U,58,Cheshire
SJ38Q,58,Cheshire
SJ38R,58,Cheshire
SJ35X,58,Cheshire
SJ35Y,58,Cheshire
SJ35Z,58,Cheshire
SJ36V,58,Cheshire
SJ36W,58,Cheshire
SJ36X,58,Cheshire
SJ36Y,58,Cheshire
SJ36Z,58,Cheshire
SJ37V,58,Cheshire
SJ37W,58,Cheshire
SJ37X,58,Cheshire
SJ37Y,58,Cheshire
SJ37Z,58,Cheshire
SJ38V,58,Cheshire
SJ44E,58,Cheshire
SJ45A,58,Cheshire
SJ45B,58,Cheshire
SJ45C,58,Cheshire
SJ45D,58,Cheshire
SJ45E,58,Cheshire
SJ46A,58,Cheshire
SJ46B,58,Cheshire
SJ46C,58,Cheshire
SJ46D,58,Cheshire
SJ46E,58,Cheshire
SJ47A,58,Cheshire
SJ47B,58,Cheshire
SJ47C,58,Cheshire
SJ47D,58,Cheshire
SJ47E,58,Cheshire
SJ44H,58,Cheshire
SJ44I,58,Cheshire
SJ44J,58,Cheshire
SJ45F,58,Cheshire
SJ45G,58,Cheshire
SJ45H,58,Cheshire
SJ45I,58,Cheshire
SJ45J,58,Cheshire
SJ46F,58,Cheshire
SJ46G,58,Cheshire
SJ46H,58,Cheshire
SJ46I,58,Cheshire
SJ46J,58,Cheshire
SJ47F,58,Cheshire
SJ47G,58,Cheshire
SJ47H,58,Cheshire
SJ47I,58,Cheshire
SJ47J,58,Cheshire
SJ44M,58,Cheshire
SJ44N,58,Cheshire
SJ44P,58,Cheshire
SJ45K,58,Cheshire
SJ45L,58,Cheshire
SJ45M,58,Cheshire
SJ45N,58,Cheshire
SJ45P,58,Cheshire
SJ46K,58,Cheshire
SJ46L,58,Cheshire
SJ46M,58,Cheshire
SJ46N,58,Cheshire
SJ46P,58,Cheshire
SJ47K,58,Cheshire
SJ47L,58,Cheshire
SJ47M,58,Cheshire
SJ47N,58,Cheshire
SJ47P,58,Cheshire
SJ48K,58,Cheshire
SJ44R,58,Cheshire
SJ44S,58,Cheshire
SJ44T,58,Cheshire
SJ44U,58,Cheshire
SJ45Q,58,Cheshire
SJ45R,58,Cheshire
SJ45S,58,Cheshire
SJ45T,58,Cheshire
SJ45U,58,Cheshire
SJ46Q,58,Cheshire
SJ46R,58,Cheshire
SJ46S,58,Cheshire
SJ46T,58,Cheshire
SJ46U,58,Cheshire
SJ47Q,58,Cheshire
SJ47R,58,Cheshire
SJ47S,58,Cheshire
SJ47T,58,Cheshire
SJ47U,58,Cheshire
SJ48Q,58,Cheshire
SJ44W,58,Cheshire
SJ44X,58,Cheshire
SJ44Y,58,Cheshire
SJ44Z,58,Cheshire
SJ45V,58,Cheshire
SJ45W,58,Cheshire
SJ45X,58,Cheshire
SJ45Y,58,Cheshire
SJ45Z,58,Cheshire
SJ46V,58,Cheshire
SJ46W,58,Cheshire
SJ46X,58,Cheshire
SJ46Y,58,Cheshire
SJ46Z,58,Cheshire
SJ47V,58,Cheshire
SJ47W,58,Cheshire
SJ47X,58,Cheshire
SJ47Y,58,Cheshire
SJ47Z,58,Cheshire
SJ48V,58,Cheshire
SJ48W,58,Cheshire
SJ54B,58,Cheshire
SJ54C,58,Cheshire
SJ54D,58,Cheshire
SJ54E,58,Cheshire
SJ55A,58,Cheshire
SJ55B,58,Cheshire
SJ55C,58,Cheshire
SJ55D,58,Cheshire
SJ55E,58,Cheshire
SJ56A,58,Cheshire
SJ56B,58,Cheshire
SJ56C,58,Cheshire
SJ56D,58,Cheshire
SJ56E,58,Cheshire
SJ57A,58,Cheshire
SJ57B,58,Cheshire
SJ57C,58,Cheshire
SJ57D,58,Cheshire
SJ57E,58,Cheshire
SJ58A,58,Cheshire
SJ58B,58,Cheshire
SJ54G,58,Cheshire
SJ54H,58,Cheshire
SJ54I,58,Cheshire
SJ54J,58,Cheshire
SJ55F,58,Cheshire
SJ55G,58,Cheshire
SJ55H,58,Cheshire
SJ55I,58,Cheshire
SJ55J,58,Cheshire
SJ56F,58,Cheshire
SJ56G,58,Cheshire
SJ56H,58,Cheshire
SJ56I,58,Cheshire
SJ56J,58,Cheshire
SJ57F,58,Cheshire
SJ57G,58,Cheshire
SJ57H,58,Cheshire
SJ57I,58,Cheshire
SJ57J,58,Cheshire
SJ58F,58,Cheshire
SJ58G,58,Cheshire
SJ58H,58,Cheshire
SJ54L,58,Cheshire
SJ54M,58,Cheshire
SJ54N,58,Cheshire
SJ54P,58,Cheshire
SJ55K,58,Cheshire
SJ55L,58,Cheshire
SJ55M,58,Cheshire
SJ55N,58,Cheshire
SJ55P,58,Cheshire
SJ56K,58,Cheshire
SJ56L,58,Cheshire
SJ56M,58,Cheshire
SJ56N,58,Cheshire
SJ56P,58,Cheshire
SJ57K,58,Cheshire
SJ57L,58,Cheshire
SJ57M,58,Cheshire
SJ57N,58,Cheshire
SJ57P,58,Cheshire
SJ58K,58,Cheshire
SJ58L,58,Cheshire
SJ58M,58,Cheshire
SJ58N,58,Cheshire
SJ54R,58,Cheshire
SJ54S,58,Cheshire
SJ54T,58,Cheshire
SJ54U,58,Cheshire
SJ55Q,58,Cheshire
SJ55R,58,Cheshire
SJ55S,58,Cheshire
SJ55T,58,Cheshire
SJ55U,58,Cheshire
SJ56Q,58,Cheshire
SJ56R,58,Cheshire
SJ56S,58,Cheshire
SJ56T,58,Cheshire
SJ56U,58,Cheshire
SJ57Q,58,Cheshire
SJ57R,58,Cheshire
SJ57S,58,Cheshire
SJ57T,58,Cheshire
SJ57U,58,Cheshire
SJ58Q,58,Cheshire
SJ58R,58,Cheshire
SJ58S,58,Cheshire
SJ58T,58,Cheshire
SJ54V,58,Cheshire
SJ54W,58,Cheshire
SJ54X,58,Cheshire
SJ54Y,58,Cheshire
SJ54Z,58,Cheshire
SJ55V,58,Cheshire
SJ55W,58,Cheshire
SJ55X,58,Cheshire
SJ55Y,58,Cheshire
SJ55Z,58,Cheshire
SJ56V,58,Cheshire
SJ56W,58,Cheshire
SJ56X,58,Cheshire
SJ56Y,58,Cheshire
SJ56Z,58,Cheshire
SJ57V,58,Cheshire
SJ57W,58,Cheshire
SJ57X,58,Cheshire
SJ57Y,58,Cheshire
SJ57Z,58,Cheshire
SJ58V,58,Cheshire
SJ58W,58,Cheshire
SJ58X,58,Cheshire
SJ58Y,58,Cheshire
SJ63E,58,Cheshire
SJ64A,58,Cheshire
SJ64B,58,Cheshire
SJ64C,58,Cheshire
SJ64D,58,Cheshire
SJ64E,58,Cheshire
SJ65A,58,Cheshire
SJ65B,58,Cheshire
SJ65C,58,Cheshire
SJ65D,58,Cheshire
SJ65E,58,Cheshire
SJ66A,58,Cheshire
SJ66B,58,Cheshire
SJ66C,58,Cheshire
SJ66D,58,Cheshire
SJ66E,58,Cheshire
SJ67A,58,Cheshire
SJ67B,58,Cheshire
SJ67C,58,Cheshire
SJ67D,58,Cheshire
SJ67E,58,Cheshire
SJ68A,58,Cheshire
SJ68B,58,Cheshire
SJ68C,58,Cheshire
SJ68D,58,Cheshire
SJ68E,58,Cheshire
SJ63J,58,Cheshire
SJ64F,58,Cheshire
SJ64G,58,Cheshire
SJ64H,58,Cheshire
SJ64I,58,Cheshire
SJ64J,58,Cheshire
SJ65F,58,Cheshire
SJ65G,58,Cheshire
SJ65H,58,Cheshire
SJ65I,58,Cheshire
SJ65J,58,Cheshire
SJ66F,58,Cheshire
SJ66G,58,Cheshire
SJ66H,58,Cheshire
SJ66I,58,Cheshire
SJ66J,58,Cheshire
SJ67F,58,Cheshire
SJ67G,58,Cheshire
SJ67H,58,Cheshire
SJ67I,58,Cheshire
SJ67J,58,Cheshire
SJ68F,58,Cheshire
SJ68G,58,Cheshire
SJ68H,58,Cheshire
SJ68I,58,Cheshire
SJ68J,58,Cheshire
SJ63N,58,Cheshire
SJ63P,58,Cheshire
SJ64K,58,Cheshire
SJ64L,58,Cheshire
SJ64M,58,Cheshire
SJ64N,58,Cheshire
SJ64P,58,Cheshire
SJ65K,58,Cheshire
SJ65L,58,Cheshire
SJ65M,58,Cheshire
SJ65N,58,Cheshire
SJ65P,58,Cheshire
SJ66K,58,Cheshire
SJ66L,58,Cheshire
SJ66M,58,Cheshire
SJ66N,58,Cheshire
SJ66P,58,Cheshire
SJ67K,58,Cheshire
SJ67L,58,Cheshire
SJ67M,58,Cheshire
SJ67N,58,Cheshire
SJ67P,58,Cheshire
SJ68K,58,Cheshire
SJ68L,58,Cheshire
SJ68M,58,Cheshire
SJ68N,58,Cheshire
SJ68P,58,Cheshire
SJ64Q,58,Cheshire
SJ64R,58,Cheshire
SJ64S,58,Cheshire
SJ64T,58,Cheshire
SJ64U,58,Cheshire
SJ65Q,58,Cheshire
SJ65R,58,Cheshire
SJ65S,58,Cheshire
SJ65T,58,Cheshire
SJ65U,58,Cheshire
SJ66Q,58,Cheshire
SJ66R,58,Cheshire
SJ66S,58,Cheshire
SJ66T,58,Cheshire
SJ66U,58,Cheshire
SJ67Q,58,Cheshire
SJ67R,58,Cheshire
SJ67S,58,Cheshire
SJ67T,58,Cheshire
SJ67U,58,Cheshire
SJ68Q,58,Cheshire
SJ68R,58,Cheshire
SJ68S,58,Cheshire
SJ68T,58,Cheshire
SJ68U,58,Cheshire
SJ64V,58,Cheshire
SJ64W,58,Cheshire
SJ64X,58,Cheshire
SJ64Y,58,Cheshire
SJ64Z,58,Cheshire
SJ65V,58,Cheshire
SJ65W,58,Cheshire
SJ65X,58,Cheshire
SJ65Y,58,Cheshire
SJ65Z,58,Cheshire
SJ66V,58,Cheshire
SJ66W,58,Cheshire
SJ66X,58,Cheshire
SJ66Y,58,Cheshire
SJ66Z,58,Cheshire
SJ67V,58,Cheshire
SJ67W,58,Cheshire
SJ67X,58,Cheshire
SJ67Y,58,Cheshire
SJ67Z,58,Cheshire
SJ68V,58,Cheshire
SJ68W,58,Cheshire
SJ68X,58,Cheshire
SJ68Y,58,Cheshire
SJ68Z,58,Cheshire
SJ69V,58,Cheshire
SJ74A,58,Cheshire
SJ74B,58,Cheshire
SJ74C,58,Cheshire
SJ74D,58,Cheshire
SJ74E,58,Cheshire
SJ75A,58,Cheshire
SJ75B,58,Cheshire
SJ75C,58,Cheshire
SJ75D,58,Cheshire
SJ75E,58,Cheshire
SJ76A,58,Cheshire
SJ76B,58,Cheshire
SJ76C,58,Cheshire
SJ76D,58,Cheshire
SJ76E,58,Cheshire
SJ77A,58,Cheshire
SJ77B,58,Cheshire
SJ77C,58,Cheshire
SJ77D,58,Cheshire
SJ77E,58,Cheshire
SJ78A,58,Cheshire
SJ78B,58,Cheshire
SJ78C,58,Cheshire
SJ78D,58,Cheshire
SJ78E,58,Cheshire
SJ79A,58,Cheshire
SJ79B,58,Cheshire
SJ74G,58,Cheshire
SJ74H,58,Cheshire
SJ74I,58,Cheshire
SJ74J,58,Cheshire
SJ75F,58,Cheshire
SJ75G,58,Cheshire
SJ75H,58,Cheshire
SJ75I,58,Cheshire
SJ75J,58,Cheshire
SJ76F,58,Cheshire
SJ76G,58,Cheshire
SJ76H,58,Cheshire
SJ76I,58,Cheshire
SJ76J,58,Cheshire
SJ77F,58,Cheshire
SJ77G,58,Cheshire
SJ77H,58,Cheshire
SJ77I,58,Cheshire
SJ77J,58,Cheshire
SJ78F,58,Cheshire
SJ78G,58,Cheshire
SJ78H,58,Cheshire
SJ78I,58,Cheshire
SJ78J,58,Cheshire
SJ79F,58,Cheshire
SJ79G,58,Cheshire
SJ74M,58,Cheshire
SJ74N,58,Cheshire
SJ74P,58,Cheshire
SJ75K,58,Cheshire
SJ75L,58,Cheshire
SJ75M,58,Cheshire
SJ75N,58,Cheshire
SJ75P,58,Cheshire
SJ76K,58,Cheshire
SJ76L,58,Cheshire
SJ76M,58,Cheshire
SJ76N,58,Cheshire
SJ76P,58,Cheshire
SJ77K,58,Cheshire
SJ77L,58,Cheshire
SJ77M,58,Cheshire
SJ77N,58,Cheshire
SJ77P,58,Cheshire
SJ78K,58,Cheshire
SJ78L,58,Cheshire
SJ78M,58,Cheshire
SJ78N,58,Cheshire
SJ78P,58,Cheshire
SJ79K,58,Cheshire
SJ79L,58,Cheshire
SJ75Q,58,Cheshire
SJ75R,58,Cheshire
SJ75S,58,Cheshire
SJ75T,58,Cheshire
SJ75U,58,Cheshire
SJ76Q,58,Cheshire
SJ76R,58,Cheshire
SJ76S,58,Cheshire
SJ76T,58,Cheshire
SJ76U,58,Cheshire
SJ77Q,58,Cheshire
SJ77R,58,Cheshire
SJ77S,58,Cheshire
SJ77T,58,Cheshire
SJ77U,58,Cheshire
SJ78Q,58,Cheshire
SJ78R,58,Cheshire
SJ78S,58,Cheshire
SJ78T,58,Cheshire
SJ78U,58,Cheshire
SJ79Q,58,Cheshire
SJ79R,58,Cheshire
SJ75W,58,Cheshire
SJ75X,58,Cheshire
SJ75Y,58,Cheshire
SJ75Z,58,Cheshire
SJ76V,58,Cheshire
SJ76W,58,Cheshire
SJ76X,58,Cheshire
SJ76Y,58,Cheshire
SJ76Z,58,Cheshire
SJ77V,58,Cheshire
SJ77W,58,Cheshire
SJ77X,58,Cheshire
SJ77Y,58,Cheshire
SJ77Z,58,Cheshire
SJ78V,58,Cheshire
SJ78W,58,Cheshire
SJ78X,58,Cheshire
SJ78Y,58,Cheshire
SJ78Z,58,Cheshire
SJ79V,58,Cheshire
SJ79W,58,Cheshire
SJ85B,58,Cheshire
SJ85C,58,Cheshire
SJ85D,58,Cheshire
SJ85E,58,Cheshire
SJ86A,58,Cheshire
SJ86B,58,Cheshire
SJ86C,58,Cheshire
SJ86D,58,Cheshire
SJ86E,58,Cheshire
SJ87A,58,Cheshire
SJ87B,58,Cheshire
SJ87C,58,Cheshire
SJ87D,58,Cheshire
SJ87E,58,Cheshire
SJ88A,58,Cheshire
SJ88B,58,Cheshire
SJ88C,58,Cheshire
SJ88D,58,Cheshire
SJ88E,58,Cheshire
SJ89A,58,Cheshire
SJ89B,58,Cheshire
SJ85H,58,Cheshire
SJ85I,58,Cheshire
SJ85J,58,Cheshire
SJ86F,58,Cheshire
SJ86G,58,Cheshire
SJ86H,58,Cheshire
SJ86I,58,Cheshire
SJ86J,58,Cheshire
SJ87F,58,Cheshire
SJ87G,58,Cheshire
SJ87H,58,Cheshire
SJ87I,58,Cheshire
SJ87J,58,Cheshire
SJ88F,58,Cheshire
SJ88G,58,Cheshire
SJ88H,58,Cheshire
SJ88I,58,Cheshire
SJ88J,58,Cheshire
SJ89F,58,Cheshire
SJ85M,58,Cheshire
SJ85N,58,Cheshire
SJ85P,58,Cheshire
SJ86K,58,Cheshire
SJ86L,58,Cheshire
SJ86M,58,Cheshire
SJ86N,58,Cheshire
SJ86P,58,Cheshire
SJ87K,58,Cheshire
SJ87L,58,Cheshire
SJ87M,58,Cheshire
SJ87N,58,Cheshire
SJ87P,58,Cheshire
SJ88K,58,Cheshire
SJ88L,58,Cheshire
SJ88M,58,Cheshire
SJ88N,58,Cheshire
SJ88P,58,Cheshire
SJ89K,58,Cheshire
SJ85T,58,Cheshire
SJ85U,58,Cheshire
SJ86Q,58,Cheshire
SJ86R,58,Cheshire
SJ86S,58,Cheshire
SJ86T,58,Cheshire
SJ86U,58,Cheshire
SJ87Q,58,Cheshire
SJ87R,58,Cheshire
SJ87S,58,Cheshire
SJ87T,58,Cheshire
SJ87U,58,Cheshire
SJ88Q,58,Cheshire
SJ88R,58,Cheshire
SJ88S,58,Cheshire
SJ88T,58,Cheshire
SJ88U,58,Cheshire
SJ89Q,58,Cheshire
SJ86V,58,Cheshire
SJ86W,58,Cheshire
SJ86X,58,Cheshire
SJ86Y,58,Cheshire
SJ86Z,58,Cheshire
SJ87V,58,Cheshire
SJ87W,58,Cheshire
SJ87X,58,Cheshire
SJ87Y,58,Cheshire
SJ87Z,58,Cheshire
SJ88V,58,Cheshire
SJ88W,58,Cheshire
SJ88X,58,Cheshire
SJ88Y,58,Cheshire
SJ88Z,58,Cheshire
SJ89V,58,Cheshire
SJ96B,58,Cheshire
SJ96C,58,Cheshire
SJ96D,58,Cheshire
SJ96E,58,Cheshire
SJ97A,58,Cheshire
SJ97B,58,Cheshire
SJ97C,58,Cheshire
SJ97D,58,Cheshire
SJ97E,58,Cheshire
SJ98A,58,Cheshire
SJ98B,58,Cheshire
SJ98C,58,Cheshire
SJ98D,58,Cheshire
SJ98E,58,Cheshire
SJ99A,58,Cheshire
SJ99B,58,Cheshire
SJ96G,58,Cheshire
SJ96H,58,Cheshire
SJ96I,58,Cheshire
SJ96J,58,Cheshire
SJ97F,58,Cheshire
SJ97G,58,Cheshire
SJ97H,58,Cheshire
SJ97I,58,Cheshire
SJ97J,58,Cheshire
SJ98F,58,Cheshire
SJ98G,58,Cheshire
SJ98H,58,Cheshire
SJ98I,58,Cheshire
SJ98J,58,Cheshire
SJ99F,58,Cheshire
SJ99G,58,Cheshire
SJ99H,58,Cheshire
SJ99I,58,Cheshire
SJ99J,58,Cheshire
SJ96L,58,Cheshire
SJ96M,58,Cheshire
SJ96N,58,Cheshire
SJ96P,58,Cheshire
SJ97K,58,Cheshire
SJ97L,58,Cheshire
SJ97M,58,Cheshire
SJ97N,58,Cheshire
SJ97P,58,Cheshire
SJ98K,58,Cheshire
SJ98L,58,Cheshire
SJ98M,58,Cheshire
SJ98N,58,Cheshire
SJ98P,58,Cheshire
SJ99K,58,Cheshire
SJ99L,58,Cheshire
SJ99M,58,Cheshire
SJ99N,58,Cheshire
SJ99P,58,Cheshire
SJ96S,58,Cheshire
SJ96T,58,Cheshire
SJ96U,58,Cheshire
SJ97Q,58,Cheshire
SJ97R,58,Cheshire
SJ97S,58,Cheshire
SJ97T,58,Cheshire
SJ97U,58,Cheshire
SJ98Q,58,Cheshire
SJ98R,58,Cheshire
SJ98S,58,Cheshire
SJ98T,58,Cheshire
SJ98U,58,Cheshire
SJ99Q,58,Cheshire
SJ99R,58,Cheshire
SJ99S,58,Cheshire
SJ99T,58,Cheshire
SJ99U,58,Cheshire
SD90Q,58,Cheshire
SD90R,58,Cheshire
SJ96X,58,Cheshire
SJ96Y,58,Cheshire
SJ96Z,58,Cheshire
SJ97V,58,Cheshire
SJ97W,58,Cheshire
SJ97X,58,Cheshire
SJ97Y,58,Cheshire
SJ97Z,58,Cheshire
SJ98V,58,Cheshire
SJ98W,58,Cheshire
SJ98X,58,Cheshire
SJ98Y,58,Cheshire
SJ99W,58,Cheshire
SJ99X,58,Cheshire
SJ99Y,58,Cheshire
SJ99Z,58,Cheshire
SD90V,58,Cheshire
SD90W,58,Cheshire
SK06D,58,Cheshire
SK06E,58,Cheshire
SK07A,58,Cheshire
SK07B,58,Cheshire
SK07C,58,Cheshire
SK07D,58,Cheshire
SK07E,58,Cheshire
SK08A,58,Cheshire
SK08B,58,Cheshire
SK08C,58,Cheshire
SK09C,58,Cheshire
SK09D,58,Cheshire
SK09E,58,Cheshire
SE00A,58,Cheshire
SE00B,58,Cheshire
SK09I,58,Cheshire
SK09J,58,Cheshire
SE00F,58,Cheshire
SK09N,58,Cheshire
SK09P,58,Cheshire
SE00K,58,Cheshire
SE00L,58,Cheshire
SE00M,58,Cheshire
SK09U,58,Cheshire
SE00Q,58,Cheshire
SE00R,58,Cheshire
SE00S,58,Cheshire
SK09Z,58,Cheshire
SE00V,58,Cheshire
SE00W,58,Cheshire
SE00X,58,Cheshire
SK19E,58,Cheshire
SE10A,58,Cheshire
SE10B,58,Cheshire
SK19J,58,Cheshire
SE10F,58,Cheshire
SE10G,58,Cheshire
SD22X,60,West Lancashire
SD22Y,60,West Lancashire
SD22Z,60,West Lancashire
SD23V,60,West Lancashire
SD23W,60,West Lancashire
SD23X,60,West Lancashire
SD32C,60,West Lancashire
SD32D,60,West Lancashire
SD32E,60,West Lancashire
SD33A,60,West Lancashire
SD33B,60,West Lancashire
SD33C,60,West Lancashire
SD33D,60,West Lancashire
SD33E,60,West Lancashire
SD34A,60,West Lancashire
SD34B,60,West Lancashire
SD34C,60,West Lancashire
SD34D,60,West Lancashire
SD34E,60,West Lancashire
SD35A,60,West Lancashire
SD32I,60,West Lancashire
SD32J,60,West Lancashire
SD33F,60,West Lancashire
SD33G,60,West Lancashire
SD33H,60,West Lancashire
SD33I,60,West Lancashire
SD33J,60,West Lancashire
SD34F,60,West Lancashire
SD34G,60,West Lancashire
SD34H,60,West Lancashire
SD34I,60,West Lancashire
SD34J,60,West Lancashire
SD35F,60,West Lancashire
SD35G,60,West Lancashire
SD32N,60,West Lancashire
SD32P,60,West Lancashire
SD33K,60,West Lancashire
SD33L,60,West Lancashire
SD33M,60,West Lancashire
SD33N,60,West Lancashire
SD33P,60,West Lancashire
SD34K,60,West Lancashire
SD34L,60,West Lancashire
SD34M,60,West Lancashire
SD34N,60,West Lancashire
SD34P,60,West Lancashire
SD35K,60,West Lancashire
SD35L,60,West Lancashire
SD35M,60,West Lancashire
SD32T,60,West Lancashire
SD32U,60,West Lancashire
SD33Q,60,West Lancashire
SD33R,60,West Lancashire
SD33S,60,West Lancashire
SD33T,60,West Lancashire
SD33U,60,West Lancashire
SD34Q,60,West Lancashire
SD34R,60,West Lancashire
SD34S,60,West Lancashire
SD34T,60,West Lancashire
SD34U,60,West Lancashire
SD35Q,60,West Lancashire
SD35R,60,West Lancashire
SD35S,60,West Lancashire
SD35T,60,West Lancashire
SD32Y,60,West Lancashire
SD32Z,60,West Lancashire
SD33V,60,West Lancashire
SD33W,60,West Lancashire
SD33X,60,West Lancashire
SD33Y,60,West Lancashire
SD33Z,60,West Lancashire
SD34V,60,West Lancashire
SD34W,60,West Lancashire
SD34X,60,West Lancashire
SD34Y,60,West Lancashire
SD34Z,60,West Lancashire
SD35V,60,West Lancashire
SD35W,60,West Lancashire
SD35X,60,West Lancashire
SD35Y,60,West Lancashire
SD35Z,60,West Lancashire
SD36V,60,West Lancashire
SD36W,60,West Lancashire
SD42D,60,West Lancashire
SD42E,60,West Lancashire
SD43A,60,West Lancashire
SD43B,60,West Lancashire
SD43C,60,West Lancashire
SD43D,60,West Lancashire
SD43E,60,West Lancashire
SD44A,60,West Lancashire
SD44B,60,West Lancashire
SD44C,60,West Lancashire
SD44D,60,West Lancashire
SD44E,60,West Lancashire
SD45A,60,West Lancashire
SD45B,60,West Lancashire
SD45C,60,West Lancashire
SD45D,60,West Lancashire
SD45E,60,West Lancashire
SD46A,60,West Lancashire
SD46B,60,West Lancashire
SD46C,60,West Lancashire
SD46D,60,West Lancashire
SD46E,60,West Lancashire
SD47A,60,West Lancashire
SD47C,60,West Lancashire
SD47D,60,West Lancashire
SD42I,60,West Lancashire
SD42J,60,West Lancashire
SD43F,60,West Lancashire
SD43G,60,West Lancashire
SD43H,60,West Lancashire
SD43I,60,West Lancashire
SD43J,60,West Lancashire
SD44F,60,West Lancashire
SD44G,60,West Lancashire
SD44H,60,West Lancashire
SD44I,60,West Lancashire
SD44J,60,West Lancashire
SD45F,60,West Lancashire
SD45G,60,West Lancashire
SD45H,60,West Lancashire
SD45I,60,West Lancashire
SD45J,60,West Lancashire
SD46F,60,West Lancashire
SD46G,60,West Lancashire
SD46H,60,West Lancashire
SD46I,60,West Lancashire
SD46J,60,West Lancashire
SD47F,60,West Lancashire
SD47G,60,West Lancashire
SD47H,60,West Lancashire
SD47I,60,West Lancashire
SD42N,60,West Lancashire
SD42P,60,West Lancashire
SD43K,60,West Lancashire
SD43L,60,West Lancashire
SD43M,60,West Lancashire
SD43N,60,West Lancashire
SD43P,60,West Lancashire
SD44K,60,West Lancashire
SD44L,60,West Lancashire
SD44M,60,West Lancashire
SD44N,60,West Lancashire
SD44P,60,West Lancashire
SD45K,60,West Lancashire
SD45L,60,West Lancashire
SD45M,60,West Lancashire
SD45N,60,West Lancashire
SD45P,60,West Lancashire
SD46K,60,West Lancashire
SD46L,60,West Lancashire
SD46M,60,West Lancashire
SD46N,60,West Lancashire
SD46P,60,West Lancashire
SD47K,60,West Lancashire
SD47L,60,West Lancashire
SD47M,60,West Lancashire
SD47N,60,West Lancashire
SD42U,60,West Lancashire
SD43Q,60,West Lancashire
SD43R,60,West Lancashire
SD43S,60,West Lancashire
SD43T,60,West Lancashire
SD43U,60,West Lancashire
SD44Q,60,West Lancashire
SD44R,60,West Lancashire
SD44S,60,West Lancashire
SD44T,60,West Lancashire
SD44U,60,West Lancashire
SD45Q,60,West Lancashire
SD45R,60,West Lancashire
SD45S,60,West Lancashire
SD45T,60,West Lancashire
SD45U,60,West Lancashire
SD46Q,60,West Lancashire
SD46R,60,West Lancashire
SD46S,60,West Lancashire
SD46T,60,West Lancashire
SD46U,60,West Lancashire
SD47Q,60,West Lancashire
SD47R,60,West Lancashire
SD47S,60,West Lancashire
SD47T,60,West Lancashire
SD47U,60,West Lancashire
SD42Z,60,West Lancashire
SD43V,60,West Lancashire
SD43W,60,West Lancashire
SD43X,60,West Lancashire
SD43Y,60,West Lancashire
SD43Z,60,West Lancashire
SD44V,60,West Lancashire
SD44W,60,West Lancashire
SD44X,60,West Lancashire
SD44Y,60,West Lancashire
SD44Z,60,West Lancashire
SD45V,60,West Lancashire
SD45W,60,West Lancashire
SD45X,60,West Lancashire
SD45Y,60,West Lancashire
SD45Z,60,West Lancashire
SD46V,60,West Lancashire
SD46W,60,West Lancashire
SD46X,60,West Lancashire
SD46Y,60,West Lancashire
SD46Z,60,West Lancashire
SD47V,60,West Lancashire
SD47W,60,West Lancashire
SD47X,60,West Lancashire
SD47Y,60,West Lancashire
SD47Z,60,West Lancashire
SD52E,60,West Lancashire
SD53A,60,West Lancashire
SD53B,60,West Lancashire
SD53C,60,West Lancashire
SD53D,60,West Lancashire
SD53E,60,West Lancashire
SD54A,60,West Lancashire
SD54B,60,West Lancashire
SD54C,60,West Lancashire
SD54D,60,West Lancashire
SD54E,60,West Lancashire
SD55A,60,West Lancashire
SD55B,60,West Lancashire
SD55C,60,West Lancashire
SD55D,60,West Lancashire
SD55E,60,West Lancashire
SD56A,60,West Lancashire
SD56B,60,West Lancashire
SD56C,60,West Lancashire
SD56D,60,West Lancashire
SD56E,60,West Lancashire
SD57A,60,West Lancashire
SD57B,60,West Lancashire
SD57C,60,West Lancashire
SD57D,60,West Lancashire
SD52J,60,West Lancashire
SD53F,60,West Lancashire
SD53G,60,West Lancashire
SD53H,60,West Lancashire
SD53I,60,West Lancashire
SD53J,60,West Lancashire
SD54F,60,West Lancashire
SD54G,60,West Lancashire
SD54H,60,West Lancashire
SD54I,60,West Lancashire
SD54J,60,West Lancashire
SD55F,60,West Lancashire
SD55G,60,West Lancashire
SD55H,60,West Lancashire
SD55I,60,West Lancashire
SD55J,60,West Lancashire
SD56F,60,West Lancashire
SD56G,60,West Lancashire
SD56H,60,West Lancashire
SD56I,60,West Lancashire
SD56J,60,West Lancashire
SD57F,60,West Lancashire
SD57G,60,West Lancashire
SD57H,60,West Lancashire
SD57I,60,West Lancashire
SD52P,60,West Lancashire
SD53K,60,West Lancashire
SD53L,60,West Lancashire
SD53M,60,West Lancashire
SD53N,60,West Lancashire
SD53P,60,West Lancashire
SD54K,60,West Lancashire
SD54L,60,West Lancashire
SD54M,60,West Lancashire
SD54N,60,West Lancashire
SD54P,60,West Lancashire
SD55K,60,West Lancashire
SD55L,60,West Lancashire
SD55M,60,West Lancashire
SD55N,60,West Lancashire
SD55P,60,West Lancashire
SD56K,60,West Lancashire
SD56L,60,West Lancashire
SD56M,60,West Lancashire
SD56N,60,West Lancashire
SD56P,60,West Lancashire
SD57K,60,West Lancashire
SD57L,60,West Lancashire
SD57M,60,West Lancashire
SD57N,60,West Lancashire
SD52U,60,West Lancashire
SD53Q,60,West Lancashire
SD53R,60,West Lancashire
SD53S,60,West Lancashire
SD53T,60,West Lancashire
SD53U,60,West Lancashire
SD54Q,60,West Lancashire
SD54R,60,West Lancashire
SD54S,60,West Lancashire
SD54T,60,West Lancashire
SD54U,60,West Lancashire
SD55Q,60,West Lancashire
SD55R,60,West Lancashire
SD55S,60,West Lancashire
SD55T,60,West Lancashire
SD55U,60,West Lancashire
SD56Q,60,West Lancashire
SD56R,60,West Lancashire
SD56S,60,West Lancashire
SD56T,60,West Lancashire
SD56U,60,West Lancashire
SD57Q,60,West Lancashire
SD57R,60,West Lancashire
SD57S,60,West Lancashire
SD57T,60,West Lancashire
SD53V,60,West Lancashire
SD53W,60,West Lancashire
SD53X,60,West Lancashire
SD53Y,60,West Lancashire
SD53Z,60,West Lancashire
SD54V,60,West Lancashire
SD54W,60,West Lancashire
SD54X,60,West Lancashire
SD54Y,60,West Lancashire
SD54Z,60,West Lancashire
SD55V,60,West Lancashire
SD55W,60,West Lancashire
SD55X,60,West Lancashire
SD55Y,60,West Lancashire
SD55Z,60,West Lancashire
SD56V,60,West Lancashire
SD56W,60,West Lancashire
SD56X,60,West Lancashire
SD56Y,60,West Lancashire
SD56Z,60,West Lancashire
SD57V,60,West Lancashire
SD57W,60,West Lancashire
SD57X,60,West Lancashire
SD57Y,60,West Lancashire
SD57Z,60,West Lancashire
SD63A,60,West Lancashire
SD63B,60,West Lancashire
SD63C,60,West Lancashire
SD63D,60,West Lancashire
SD63E,60,West Lancashire
SD64A,60,West Lancashire
SD64B,60,West Lancashire
SD64C,60,West Lancashire
SD64D,60,West Lancashire
SD65A,60,West Lancashire
SD65B,60,West Lancashire
SD65C,60,West Lancashire
SD65D,60,West Lancashire
SD65E,60,West Lancashire
SD66A,60,West Lancashire
SD66B,60,West Lancashire
SD66C,60,West Lancashire
SD66D,60,West Lancashire
SD66E,60,West Lancashire
SD67A,60,West Lancashire
SD67B,60,West Lancashire
SD67C,60,West Lancashire
SD67D,60,West Lancashire
SD63G,60,West Lancashire
SD63H,60,West Lancashire
SD63I,60,West Lancashire
SD63J,60,West Lancashire
SD64F,60,West Lancashire
SD64G,60,West Lancashire
SD64H,60,West Lancashire
SD64I,60,West Lancashire
SD64J,60,West Lancashire
SD65G,60,West Lancashire
SD65H,60,West Lancashire
SD65I,60,West Lancashire
SD65J,60,West Lancashire
SD66F,60,West Lancashire
SD66G,60,West Lancashire
SD66H,60,West Lancashire
SD66I,60,West Lancashire
SD66J,60,West Lancashire
SD67F,60,West Lancashire
SD67G,60,West Lancashire
SD67H,60,West Lancashire
SD67I,60,West Lancashire
SD67J,60,West Lancashire
SD63M,60,West Lancashire
SD63N,60,West Lancashire
SD63P,60,West Lancashire
SD64K,60,West Lancashire
SD64L,60,West Lancashire
SD64M,60,West Lancashire
SD64N,60,West Lancashire
SD64P,60,West Lancashire
SD65N,60,West Lancashire
SD65P,60,West Lancashire
SD66K,60,West Lancashire
SD66L,60,West Lancashire
SD66M,60,West Lancashire
SD66N,60,West Lancashire
SD66P,60,West Lancashire
SD67L,60,West Lancashire
SD67M,60,West Lancashire
SD67N,60,West Lancashire
SD67P,60,West Lancashire
SD63S,60,West Lancashire
SD63T,60,West Lancashire
SD63U,60,West Lancashire
SD64Q,60,West Lancashire
SD64R,60,West Lancashire
SD65U,60,West Lancashire
SD66Q,60,West Lancashire
SD66R,60,West Lancashire
SD66S,60,West Lancashire
SD66T,60,West Lancashire
SD67S,60,West Lancashire
SD67T,60,West Lancashire
SD67U,60,West Lancashire
SD68Q,60,West Lancashire
SD63Y,60,West Lancashire
SD63Z,60,West Lancashire
SD64V,60,West Lancashire
SD64W,60,West Lancashire
SD66V,60,West Lancashire
SD66W,60,West Lancashire
SD66X,60,West Lancashire
SD67Y,60,West Lancashire
SD67Z,60,West Lancashire
SD68V,60,West Lancashire
SD68W,60,West Lancashire
SD73D,60,West Lancashire
SD73E,60,West Lancashire
SD74A,60,West Lancashire
SD78A,60,West Lancashire
SD78B,60,West Lancashire
SD20H,59,South Lancashire
SD20M,59,South Lancashire
SD20N,59,South Lancashire
SD20R,59,South Lancashire
SD20S,59,South Lancashire
SD20T,59,South Lancashire
SD20U,59,South Lancashire
SD21Q,59,South Lancashire
SJ29Z,59,South Lancashire
SD20V,59,South Lancashire
SD20W,59,South Lancashire
SD20X,59,South Lancashire
SD20Y,59,South Lancashire
SD20Z,59,South Lancashire
SD21V,59,South Lancashire
SD21W,59,South Lancashire
SD21X,59,South Lancashire
SD21Y,59,South Lancashire
SD21Z,59,South Lancashire
SD22V,59,South Lancashire
SD22W,59,South Lancashire
SD22X,59,South Lancashire
SJ39C,59,South Lancashire
SJ39D,59,South Lancashire
SJ39E,59,South Lancashire
SD30A,59,South Lancashire
SD30B,59,South Lancashire
SD30C,59,South Lancashire
SD30D,59,South Lancashire
SD30E,59,South Lancashire
SD31A,59,South Lancashire
SD31B,59,South Lancashire
SD31C,59,South Lancashire
SD31D,59,South Lancashire
SD31E,59,South Lancashire
SD32A,59,South Lancashire
SD32B,59,South Lancashire
SD32C,59,South Lancashire
SJ38J,59,South Lancashire
SJ39F,59,South Lancashire
SJ39G,59,South Lancashire
SJ39H,59,South Lancashire
SJ39I,59,South Lancashire
SJ39J,59,South Lancashire
SD30F,59,South Lancashire
SD30G,59,South Lancashire
SD30H,59,South Lancashire
SD30I,59,South Lancashire
SD30J,59,South Lancashire
SD31F,59,South Lancashire
SD31G,59,South Lancashire
SD31H,59,South Lancashire
SD31I,59,South Lancashire
SD31J,59,South Lancashire
SD32F,59,South Lancashire
SD32G,59,South Lancashire
SD32H,59,South Lancashire
SJ38N,59,South Lancashire
SJ38P,59,South Lancashire
SJ39K,59,South Lancashire
SJ39L,59,South Lancashire
SJ39M,59,South Lancashire
SJ39N,59,South Lancashire
SJ39P,59,South Lancashire
SD30K,59,South Lancashire
SD30L,59,South Lancashire
SD30M,59,South Lancashire
SD30N,59,South Lancashire
SD30P,59,South Lancashire
SD31K,59,South Lancashire
SD31L,59,South Lancashire
SD31M,59,South Lancashire
SD31N,59,South Lancashire
SD31P,59,South Lancashire
SD32K,59,South Lancashire
SD32L,59,South Lancashire
SD32M,59,South Lancashire
SD32N,59,South Lancashire
SJ38S,59,South Lancashire
SJ38T,59,South Lancashire
SJ38U,59,South Lancashire
SJ39Q,59,South Lancashire
SJ39R,59,South Lancashire
SJ39S,59,South Lancashire
SJ39T,59,South Lancashire
SJ39U,59,South Lancashire
SD30Q,59,South Lancashire
SD30R,59,South Lancashire
SD30S,59,South Lancashire
SD30T,59,South Lancashire
SD30U,59,South Lancashire
SD31Q,59,South Lancashire
SD31R,59,South Lancashire
SD31S,59,South Lancashire
SD31T,59,South Lancashire
SD31U,59,South Lancashire
SD32Q,59,South Lancashire
SD32R,59,South Lancashire
SD32S,59,South Lancashire
SD32T,59,South Lancashire
SJ38W,59,South Lancashire
SJ38X,59,South Lancashire
SJ38Y,59,South Lancashire
SJ38Z,59,South Lancashire
SJ39V,59,South Lancashire
SJ39W,59,South Lancashire
SJ39X,59,South Lancashire
SJ39Y,59,South Lancashire
SJ39Z,59,South Lancashire
SD30V,59,South Lancashire
SD30W,59,South Lancashire
SD30X,59,South Lancashire
SD30Y,59,South Lancashire
SD30Z,59,South Lancashire
SD31V,59,South Lancashire
SD31W,59,South Lancashire
SD31X,59,South Lancashire
SD31Y,59,South Lancashire
SD31Z,59,South Lancashire
SD32V,59,South Lancashire
SD32W,59,South Lancashire
SD32X,59,South Lancashire
SD32Y,59,South Lancashire
SJ48A,59,South Lancashire
SJ48B,59,South Lancashire
SJ48C,59,South Lancashire
SJ48D,59,South Lancashire
SJ48E,59,South Lancashire
SJ49A,59,South Lancashire
SJ49B,59,South Lancashire
SJ49C,59,South Lancashire
SJ49D,59,South Lancashire
SJ49E,59,South Lancashire
SD40A,59,South Lancashire
SD40B,59,South Lancashire
SD40C,59,South Lancashire
SD40D,59,South Lancashire
SD40E,59,South Lancashire
SD41A,59,South Lancashire
SD41B,59,South Lancashire
SD41C,59,South Lancashire
SD41D,59,South Lancashire
SD41E,59,South Lancashire
SD42A,59,South Lancashire
SD42B,59,South Lancashire
SD42C,59,South Lancashire
SD42D,59,South Lancashire
SJ48F,59,South Lancashire
SJ48G,59,South Lancashire
SJ48H,59,South Lancashire
SJ48I,59,South Lancashire
SJ48J,59,South Lancashire
SJ49F,59,South Lancashire
SJ49G,59,South Lancashire
SJ49H,59,South Lancashire
SJ49I,59,South Lancashire
SJ49J,59,South Lancashire
SD40F,59,South Lancashire
SD40G,59,South Lancashire
SD40H,59,South Lancashire
SD40I,59,South Lancashire
SD40J,59,South Lancashire
SD41F,59,South Lancashire
SD41G,59,South Lancashire
SD41H,59,South Lancashire
SD41I,59,South Lancashire
SD41J,59,South Lancashire
SD42F,59,South Lancashire
SD42G,59,South Lancashire
SD42H,59,South Lancashire
SD42I,59,South Lancashire
SJ48K,59,South Lancashire
SJ48L,59,South Lancashire
SJ48M,59,South Lancashire
SJ48N,59,South Lancashire
SJ48P,59,South Lancashire
SJ49K,59,South Lancashire
SJ49L,59,South Lancashire
SJ49M,59,South Lancashire
SJ49N,59,South Lancashire
SJ49P,59,South Lancashire
SD40K,59,South Lancashire
SD40L,59,South Lancashire
SD40M,59,South Lancashire
SD40N,59,South Lancashire
SD40P,59,South Lancashire
SD41K,59,South Lancashire
SD41L,59,South Lancashire
SD41M,59,South Lancashire
SD41N,59,South Lancashire
SD41P,59,South Lancashire
SD42K,59,South Lancashire
SD42L,59,South Lancashire
SD42M,59,South Lancashire
SD42N,59,South Lancashire
SJ48Q,59,South Lancashire
SJ48R,59,South Lancashire
SJ48S,59,South Lancashire
SJ48T,59,South Lancashire
SJ48U,59,South Lancashire
SJ49Q,59,South Lancashire
SJ49R,59,South Lancashire
SJ49S,59,South Lancashire
SJ49T,59,South Lancashire
SJ49U,59,South Lancashire
SD40Q,59,South Lancashire
SD40R,59,South Lancashire
SD40S,59,South Lancashire
SD40T,59,South Lancashire
SD40U,59,South Lancashire
SD41Q,59,South Lancashire
SD41R,59,South Lancashire
SD41S,59,South Lancashire
SD41T,59,South Lancashire
SD41U,59,South Lancashire
SD42Q,59,South Lancashire
SD42R,59,South Lancashire
SD42S,59,South Lancashire
SD42T,59,South Lancashire
SD42U,59,South Lancashire
SJ48V,59,South Lancashire
SJ48W,59,South Lancashire
SJ48X,59,South Lancashire
SJ48Y,59,South Lancashire
SJ48Z,59,South Lancashire
SJ49V,59,South Lancashire
SJ49W,59,South Lancashire
SJ49X,59,South Lancashire
SJ49Y,59,South Lancashire
SJ49Z,59,South Lancashire
SD40V,59,South Lancashire
SD40W,59,South Lancashire
SD40X,59,South Lancashire
SD40Y,59,South Lancashire
SD40Z,59,South Lancashire
SD41V,59,South Lancashire
SD41W,59,South Lancashire
SD41X,59,South Lancashire
SD41Y,59,South Lancashire
SD41Z,59,South Lancashire
SD42V,59,South Lancashire
SD42W,59,South Lancashire
SD42X,59,South Lancashire
SD42Y,59,South Lancashire
SD42Z,59,South Lancashire
SJ58B,59,South Lancashire
SJ58C,59,South Lancashire
SJ58D,59,South Lancashire
SJ58E,59,South Lancashire
SJ59A,59,South Lancashire
SJ59B,59,South Lancashire
SJ59C,59,South Lancashire
SJ59D,59,South Lancashire
SJ59E,59,South Lancashire
SD50A,59,South Lancashire
SD50B,59,South Lancashire
SD50C,59,South Lancashire
SD50D,59,South Lancashire
SD50E,59,South Lancashire
SD51A,59,South Lancashire
SD51B,59,South Lancashire
SD51C,59,South Lancashire
SD51D,59,South Lancashire
SD51E,59,South Lancashire
SD52A,59,South Lancashire
SD52B,59,South Lancashire
SD52C,59,South Lancashire
SD52D,59,South Lancashire
SD52E,59,South Lancashire
SJ58G,59,South Lancashire
SJ58H,59,South Lancashire
SJ58I,59,South Lancashire
SJ58J,59,South Lancashire
SJ59F,59,South Lancashire
SJ59G,59,South Lancashire
SJ59H,59,South Lancashire
SJ59I,59,South Lancashire
SJ59J,59,South Lancashire
SD50F,59,South Lancashire
SD50G,59,South Lancashire
SD50H,59,South Lancashire
SD50I,59,South Lancashire
SD50J,59,South Lancashire
SD51F,59,South Lancashire
SD51G,59,South Lancashire
SD51H,59,South Lancashire
SD51I,59,South Lancashire
SD51J,59,South Lancashire
SD52F,59,South Lancashire
SD52G,59,South Lancashire
SD52H,59,South Lancashire
SD52I,59,South Lancashire
SD52J,59,South Lancashire
SJ58M,59,South Lancashire
SJ58N,59,South Lancashire
SJ58P,59,South Lancashire
SJ59K,59,South Lancashire
SJ59L,59,South Lancashire
SJ59M,59,South Lancashire
SJ59N,59,South Lancashire
SJ59P,59,South Lancashire
SD50K,59,South Lancashire
SD50L,59,South Lancashire
SD50M,59,South Lancashire
SD50N,59,South Lancashire
SD50P,59,South Lancashire
SD51K,59,South Lancashire
SD51L,59,South Lancashire
SD51M,59,South Lancashire
SD51N,59,South Lancashire
SD51P,59,South Lancashire
SD52K,59,South Lancashire
SD52L,59,South Lancashire
SD52M,59,South Lancashire
SD52N,59,South Lancashire
SD52P,59,South Lancashire
SJ58T,59,South Lancashire
SJ58U,59,South Lancashire
SJ59Q,59,South Lancashire
SJ59R,59,South Lancashire
SJ59S,59,South Lancashire
SJ59T,59,South Lancashire
SJ59U,59,South Lancashire
SD50Q,59,South Lancashire
SD50R,59,South Lancashire
SD50S,59,South Lancashire
SD50T,59,South Lancashire
SD50U,59,South Lancashire
SD51Q,59,South Lancashire
SD51R,59,South Lancashire
SD51S,59,South Lancashire
SD51T,59,South Lancashire
SD51U,59,South Lancashire
SD52Q,59,South Lancashire
SD52R,59,South Lancashire
SD52S,59,South Lancashire
SD52T,59,South Lancashire
SD52U,59,South Lancashire
SD53Q,59,South Lancashire
SJ58Y,59,South Lancashire
SJ58Z,59,South Lancashire
SJ59V,59,South Lancashire
SJ59W,59,South Lancashire
SJ59X,59,South Lancashire
SJ59Y,59,South Lancashire
SJ59Z,59,South Lancashire
SD50V,59,South Lancashire
SD50W,59,South Lancashire
SD50X,59,South Lancashire
SD50Y,59,South Lancashire
SD50Z,59,South Lancashire
SD51V,59,South Lancashire
SD51W,59,South Lancashire
SD51X,59,South Lancashire
SD51Y,59,South Lancashire
SD51Z,59,South Lancashire
SD52V,59,South Lancashire
SD52W,59,South Lancashire
SD52X,59,South Lancashire
SD52Y,59,South Lancashire
SD52Z,59,South Lancashire
SD53V,59,South Lancashire
SD53W,59,South Lancashire
SJ68D,59,South Lancashire
SJ68E,59,South Lancashire
SJ69A,59,South Lancashire
SJ69B,59,South Lancashire
SJ69C,59,South Lancashire
SJ69D,59,South Lancashire
SJ69E,59,South Lancashire
SD60A,59,South Lancashire
SD60B,59,South Lancashire
SD60C,59,South Lancashire
SD60D,59,South Lancashire
SD60E,59,South Lancashire
SD61A,59,South Lancashire
SD61B,59,South Lancashire
SD61C,59,South Lancashire
SD61D,59,South Lancashire
SD61E,59,South Lancashire
SD62A,59,South Lancashire
SD62B,59,South Lancashire
SD62C,59,South Lancashire
SD62D,59,South Lancashire
SD62E,59,South Lancashire
SD63A,59,South Lancashire
SD63B,59,South Lancashire
SJ68J,59,South Lancashire
SJ69F,59,South Lancashire
SJ69G,59,South Lancashire
SJ69H,59,South Lancashire
SJ69I,59,South Lancashire
SJ69J,59,South Lancashire
SD60F,59,South Lancashire
SD60G,59,South Lancashire
SD60H,59,South Lancashire
SD60I,59,South Lancashire
SD60J,59,South Lancashire
SD61F,59,South Lancashire
SD61G,59,South Lancashire
SD61H,59,South Lancashire
SD61I,59,South Lancashire
SD61J,59,South Lancashire
SD62F,59,South Lancashire
SD62G,59,South Lancashire
SD62H,59,South Lancashire
SD62I,59,South Lancashire
SD62J,59,South Lancashire
SD63F,59,South Lancashire
SD63G,59,South Lancashire
SD63H,59,South Lancashire
SJ68N,59,South Lancashire
SJ68P,59,South Lancashire
SJ69K,59,South Lancashire
SJ69L,59,South Lancashire
SJ69M,59,South Lancashire
SJ69N,59,South Lancashire
SJ69P,59,South Lancashire
SD60K,59,South Lancashire
SD60L,59,South Lancashire
SD60M,59,South Lancashire
SD60N,59,South Lancashire
SD60P,59,South Lancashire
SD61K,59,South Lancashire
SD61L,59,South Lancashire
SD61M,59,South Lancashire
SD61N,59,South Lancashire
SD61P,59,South Lancashire
SD62K,59,South Lancashire
SD62L,59,South Lancashire
SD62M,59,South Lancashire
SD62N,59,South Lancashire
SD62P,59,South Lancashire
SD63K,59,South Lancashire
SD63L,59,South Lancashire
SD63M,59,South Lancashire
SJ68T,59,South Lancashire
SJ68U,59,South Lancashire
SJ69Q,59,South Lancashire
SJ69R,59,South Lancashire
SJ69S,59,South Lancashire
SJ69T,59,South Lancashire
SJ69U,59,South Lancashire
SD60Q,59,South Lancashire
SD60R,59,South Lancashire
SD60S,59,South Lancashire
SD60T,59,South Lancashire
SD60U,59,South Lancashire
SD61Q,59,South Lancashire
SD61R,59,South Lancashire
SD61S,59,South Lancashire
SD61T,59,South Lancashire
SD61U,59,South Lancashire
SD62Q,59,South Lancashire
SD62R,59,South Lancashire
SD62S,59,South Lancashire
SD62T,59,South Lancashire
SD62U,59,South Lancashire
SD63Q,59,South Lancashire
SD63R,59,South Lancashire
SD63S,59,South Lancashire
SD63T,59,South Lancashire
SJ68Z,59,South Lancashire
SJ69V,59,South Lancashire
SJ69W,59,South Lancashire
SJ69X,59,South Lancashire
SJ69Y,59,South Lancashire
SJ69Z,59,South Lancashire
SD60V,59,South Lancashire
SD60W,59,South Lancashire
SD60X,59,South Lancashire
SD60Y,59,South Lancashire
SD60Z,59,South Lancashire
SD61V,59,South Lancashire
SD61W,59,South Lancashire
SD61X,59,South Lancashire
SD61Y,59,South Lancashire
SD61Z,59,South Lancashire
SD62V,59,South Lancashire
SD62W,59,South Lancashire
SD62X,59,South Lancashire
SD62Y,59,South Lancashire
SD62Z,59,South Lancashire
SD63V,59,South Lancashire
SD63W,59,South Lancashire
SD63X,59,South Lancashire
SD63Y,59,South Lancashire
SJ79A,59,South Lancashire
SJ79B,59,South Lancashire
SJ79C,59,South Lancashire
SJ79D,59,South Lancashire
SJ79E,59,South Lancashire
SD70A,59,South Lancashire
SD70B,59,South Lancashire
SD70C,59,South Lancashire
SD70D,59,South Lancashire
SD70E,59,South Lancashire
SD71A,59,South Lancashire
SD71B,59,South Lancashire
SD71C,59,South Lancashire
SD71D,59,South Lancashire
SD71E,59,South Lancashire
SD72A,59,South Lancashire
SD72B,59,South Lancashire
SD72C,59,South Lancashire
SD72D,59,South Lancashire
SD72E,59,South Lancashire
SD73A,59,South Lancashire
SD73B,59,South Lancashire
SD73C,59,South Lancashire
SD73D,59,South Lancashire
SD73E,59,South Lancashire
SJ79G,59,South Lancashire
SJ79H,59,South Lancashire
SJ79I,59,South Lancashire
SJ79J,59,South Lancashire
SD70F,59,South Lancashire
SD70G,59,South Lancashire
SD70H,59,South Lancashire
SD70I,59,South Lancashire
SD70J,59,South Lancashire
SD71F,59,South Lancashire
SD71G,59,South Lancashire
SD71H,59,South Lancashire
SD71I,59,South Lancashire
SD71J,59,South Lancashire
SD72F,59,South Lancashire
SD72G,59,South Lancashire
SD72H,59,South Lancashire
SD72I,59,South Lancashire
SD72J,59,South Lancashire
SD73F,59,South Lancashire
SD73G,59,South Lancashire
SD73H,59,South Lancashire
SD73I,59,South Lancashire
SD73J,59,South Lancashire
SD74F,59,South Lancashire
SD74G,59,South Lancashire
SJ79L,59,South Lancashire
SJ79M,59,South Lancashire
SJ79N,59,South Lancashire
SJ79P,59,South Lancashire
SD70K,59,South Lancashire
SD70L,59,South Lancashire
SD70M,59,South Lancashire
SD70N,59,South Lancashire
SD70P,59,South Lancashire
SD71K,59,South Lancashire
SD71L,59,South Lancashire
SD71M,59,South Lancashire
SD71N,59,South Lancashire
SD71P,59,South Lancashire
SD72K,59,South Lancashire
SD72L,59,South Lancashire
SD72M,59,South Lancashire
SD72N,59,South Lancashire
SD72P,59,South Lancashire
SD73K,59,South Lancashire
SD73L,59,South Lancashire
SD73M,59,South Lancashire
SD73N,59,South Lancashire
SD73P,59,South Lancashire
SD74K,59,South Lancashire
SD74L,59,South Lancashire
SD74M,59,South Lancashire
SJ79R,59,South Lancashire
SJ79S,59,South Lancashire
SJ79T,59,South Lancashire
SJ79U,59,South Lancashire
SD70Q,59,South Lancashire
SD70R,59,South Lancashire
SD70S,59,South Lancashire
SD70T,59,South Lancashire
SD70U,59,South Lancashire
SD71Q,59,South Lancashire
SD71R,59,South Lancashire
SD71S,59,South Lancashire
SD71T,59,South Lancashire
SD71U,59,South Lancashire
SD72Q,59,South Lancashire
SD72R,59,South Lancashire
SD72S,59,South Lancashire
SD72T,59,South Lancashire
SD72U,59,South Lancashire
SD73Q,59,South Lancashire
SD73R,59,South Lancashire
SD73S,59,South Lancashire
SD73T,59,South Lancashire
SD73U,59,South Lancashire
SD74Q,59,South Lancashire
SD74R,59,South Lancashire
SD74S,59,South Lancashire
SJ79W,59,South Lancashire
SJ79X,59,South Lancashire
SJ79Y,59,South Lancashire
SJ79Z,59,South Lancashire
SD70V,59,South Lancashire
SD70W,59,South Lancashire
SD70X,59,South Lancashire
SD70Y,59,South Lancashire
SD70Z,59,South Lancashire
SD71V,59,South Lancashire
SD71W,59,South Lancashire
SD71X,59,South Lancashire
SD71Y,59,South Lancashire
SD71Z,59,South Lancashire
SD72V,59,South Lancashire
SD72W,59,South Lancashire
SD72X,59,South Lancashire
SD72Y,59,South Lancashire
SD72Z,59,South Lancashire
SD73V,59,South Lancashire
SD73W,59,South Lancashire
SD73X,59,South Lancashire
SD73Y,59,South Lancashire
SD73Z,59,South Lancashire
SD74V,59,South Lancashire
SD74W,59,South Lancashire
SD74X,59,South Lancashire
SJ89A,59,South Lancashire
SJ89B,59,South Lancashire
SJ89C,59,South Lancashire
SJ89D,59,South Lancashire
SJ89E,59,South Lancashire
SD80A,59,South Lancashire
SD80B,59,South Lancashire
SD80C,59,South Lancashire
SD80D,59,South Lancashire
SD80E,59,South Lancashire
SD81A,59,South Lancashire
SD81B,59,South Lancashire
SD81C,59,South Lancashire
SD81D,59,South Lancashire
SD81E,59,South Lancashire
SD82A,59,South Lancashire
SD82B,59,South Lancashire
SD82C,59,South Lancashire
SD82D,59,South Lancashire
SD82E,59,South Lancashire
SD83A,59,South Lancashire
SD83B,59,South Lancashire
SD83C,59,South Lancashire
SD83D,59,South Lancashire
SD83E,59,South Lancashire
SD84A,59,South Lancashire
SD84B,59,South Lancashire
SD84C,59,South Lancashire
SJ88J,59,South Lancashire
SJ89F,59,South Lancashire
SJ89G,59,South Lancashire
SJ89H,59,South Lancashire
SJ89I,59,South Lancashire
SJ89J,59,South Lancashire
SD80F,59,South Lancashire
SD80G,59,South Lancashire
SD80H,59,South Lancashire
SD80I,59,South Lancashire
SD80J,59,South Lancashire
SD81F,59,South Lancashire
SD81G,59,South Lancashire
SD81H,59,South Lancashire
SD81I,59,South Lancashire
SD81J,59,South Lancashire
SD82F,59,South Lancashire
SD82G,59,South Lancashire
SD82H,59,South Lancashire
SD82I,59,South Lancashire
SD82J,59,South Lancashire
SD83F,59,South Lancashire
SD83G,59,South Lancashire
SD83H,59,South Lancashire
SD83I,59,South Lancashire
SD83J,59,South Lancashire
SD84F,59,South Lancashire
SD84G,59,South Lancashire
SD84H,59,South Lancashire
SJ88P,59,South Lancashire
SJ89K,59,South Lancashire
SJ89L,59,South Lancashire
SJ89M,59,South Lancashire
SJ89N,59,South Lancashire
SJ89P,59,South Lancashire
SD80K,59,South Lancashire
SD80L,59,South Lancashire
SD80M,59,South Lancashire
SD80N,59,South Lancashire
SD80P,59,South Lancashire
SD81K,59,South Lancashire
SD81L,59,South Lancashire
SD81M,59,South Lancashire
SD81N,59,South Lancashire
SD81P,59,South Lancashire
SD82K,59,South Lancashire
SD82L,59,South Lancashire
SD82M,59,South Lancashire
SD82N,59,South Lancashire
SD82P,59,South Lancashire
SD83K,59,South Lancashire
SD83L,59,South Lancashire
SD83M,59,South Lancashire
SD83N,59,South Lancashire
SD83P,59,South Lancashire
SD84K,59,South Lancashire
SD84L,59,South Lancashire
SJ88U,59,South Lancashire
SJ89Q,59,South Lancashire
SJ89R,59,South Lancashire
SJ89S,59,South Lancashire
SJ89T,59,South Lancashire
SJ89U,59,South Lancashire
SD80Q,59,South Lancashire
SD80R,59,South Lancashire
SD80S,59,South Lancashire
SD80T,59,South Lancashire
SD80U,59,South Lancashire
SD81Q,59,South Lancashire
SD81R,59,South Lancashire
SD81S,59,South Lancashire
SD81T,59,South Lancashire
SD81U,59,South Lancashire
SD82Q,59,South Lancashire
SD82R,59,South Lancashire
SD82S,59,South Lancashire
SD82T,59,South Lancashire
SD82U,59,South Lancashire
SD83Q,59,South Lancashire
SD83R,59,South Lancashire
SD83S,59,South Lancashire
SD83T,59,South Lancashire
SD83U,59,South Lancashire
SD84Q,59,South Lancashire
SD84R,59,South Lancashire
SJ88Z,59,South Lancashire
SJ89V,59,South Lancashire
SJ89W,59,South Lancashire
SJ89X,59,South Lancashire
SJ89Y,59,South Lancashire
SJ89Z,59,South Lancashire
SD80V,59,South Lancashire
SD80W,59,South Lancashire
SD80X,59,South Lancashire
SD80Y,59,South Lancashire
SD80Z,59,South Lancashire
SD81V,59,South Lancashire
SD81W,59,South Lancashire
SD81X,59,South Lancashire
SD81Y,59,South Lancashire
SD81Z,59,South Lancashire
SD82V,59,South Lancashire
SD82W,59,South Lancashire
SD82X,59,South Lancashire
SD82Y,59,South Lancashire
SD82Z,59,South Lancashire
SD83V,59,South Lancashire
SD83W,59,South Lancashire
SD83X,59,South Lancashire
SD83Y,59,South Lancashire
SD83Z,59,South Lancashire
SD84V,59,South Lancashire
SD84W,59,South Lancashire
SJ99A,59,South Lancashire
SJ99B,59,South Lancashire
SJ99C,59,South Lancashire
SJ99D,59,South Lancashire
SJ99E,59,South Lancashire
SD90A,59,South Lancashire
SD90B,59,South Lancashire
SD90C,59,South Lancashire
SD90D,59,South Lancashire
SD90E,59,South Lancashire
SD91A,59,South Lancashire
SD91B,59,South Lancashire
SD91C,59,South Lancashire
SD91D,59,South Lancashire
SD91E,59,South Lancashire
SD92A,59,South Lancashire
SD92B,59,South Lancashire
SD92C,59,South Lancashire
SD92D,59,South Lancashire
SD92E,59,South Lancashire
SD93A,59,South Lancashire
SD93B,59,South Lancashire
SD93C,59,South Lancashire
SD93D,59,South Lancashire
SD93E,59,South Lancashire
SD94A,59,South Lancashire
SD94B,59,South Lancashire
SJ99G,59,South Lancashire
SJ99H,59,South Lancashire
SJ99I,59,South Lancashire
SJ99J,59,South Lancashire
SD90F,59,South Lancashire
SD90G,59,South Lancashire
SD90H,59,South Lancashire
SD90I,59,South Lancashire
SD90J,59,South Lancashire
SD91F,59,South Lancashire
SD91G,59,South Lancashire
SD91H,59,South Lancashire
SD91I,59,South Lancashire
SD91J,59,South Lancashire
SD92F,59,South Lancashire
SD92G,59,South Lancashire
SD92H,59,South Lancashire
SD93G,59,South Lancashire
SD93H,59,South Lancashire
SD93I,59,South Lancashire
SD93J,59,South Lancashire
SD94F,59,South Lancashire
SD94G,59,South Lancashire
SJ99L,59,South Lancashire
SJ99M,59,South Lancashire
SJ99P,59,South Lancashire
SD90K,59,South Lancashire
SD90L,59,South Lancashire
SD90M,59,South Lancashire
SD90N,59,South Lancashire
SD90P,59,South Lancashire
SD91K,59,South Lancashire
SD91L,59,South Lancashire
SD91M,59,South Lancashire
SD91N,59,South Lancashire
SD91P,59,South Lancashire
SD92K,59,South Lancashire
SD92L,59,South Lancashire
SD93M,59,South Lancashire
SD93N,59,South Lancashire
SD93P,59,South Lancashire
SD94K,59,South Lancashire
SD94L,59,South Lancashire
SJ99U,59,South Lancashire
SD90Q,59,South Lancashire
SD90R,59,South Lancashire
SD90S,59,South Lancashire
SD90T,59,South Lancashire
SD90U,59,South Lancashire
SD91Q,59,South Lancashire
SD91R,59,South Lancashire
SD91S,59,South Lancashire
SD91T,59,South Lancashire
SD91U,59,South Lancashire
SD92Q,59,South Lancashire
SD93T,59,South Lancashire
SD93U,59,South Lancashire
SD94Q,59,South Lancashire
SD91W,59,South Lancashire
SD91X,59,South Lancashire
